-- MySQL dump 10.13  Distrib 8.0.18, for Win64 (x86_64)
--
-- Host: localhost    Database: shop
-- ------------------------------------------------------
-- Server version	8.0.18

/*!40101 SET @OLD_CHARACTER_SET_CLIENT=@@CHARACTER_SET_CLIENT */;
/*!40101 SET @OLD_CHARACTER_SET_RESULTS=@@CHARACTER_SET_RESULTS */;
/*!40101 SET @OLD_COLLATION_CONNECTION=@@COLLATION_CONNECTION */;
/*!50503 SET NAMES utf8 */;
/*!40103 SET @OLD_TIME_ZONE=@@TIME_ZONE */;
/*!40103 SET TIME_ZONE='+00:00' */;
/*!40014 SET @OLD_UNIQUE_CHECKS=@@UNIQUE_CHECKS, UNIQUE_CHECKS=0 */;
/*!40014 SET @OLD_FOREIGN_KEY_CHECKS=@@FOREIGN_KEY_CHECKS, FOREIGN_KEY_CHECKS=0 */;
/*!40101 SET @OLD_SQL_MODE=@@SQL_MODE, SQL_MODE='NO_AUTO_VALUE_ON_ZERO' */;
/*!40111 SET @OLD_SQL_NOTES=@@SQL_NOTES, SQL_NOTES=0 */;

--
-- Table structure for table `buy`
--

DROP TABLE IF EXISTS `buy`;
/*!40101 SET @saved_cs_client     = @@character_set_client */;
/*!50503 SET character_set_client = utf8mb4 */;
CREATE TABLE `buy` (
  `id` int(11) NOT NULL,
  `uname` varchar(45) NOT NULL,
  `pname` varchar(45) NOT NULL,
  `price` varchar(45) NOT NULL,
  `pnum` varchar(45) NOT NULL,
  `sumprice` varchar(45) NOT NULL,
  `date` varchar(45) NOT NULL,
  `sid` varchar(45) NOT NULL,
  `pcatelog` varchar(45) DEFAULT NULL,
  PRIMARY KEY (`id`)
) ENGINE=InnoDB DEFAULT CHARSET=utf8mb4 COLLATE=utf8mb4_0900_ai_ci;
/*!40101 SET character_set_client = @saved_cs_client */;

--
-- Dumping data for table `buy`
--

LOCK TABLES `buy` WRITE;
/*!40000 ALTER TABLE `buy` DISABLE KEYS */;
INSERT INTO `buy` VALUES (1,'1','华为手机','1000','1','1000','2020-06-06 22:42:44','1','1'),(2,'21','长袖','100','2','200','2020-06-11 11:31:32','1','3'),(3,'21','superme上衣','100','4','400','2020-06-11 11:31:37','1','3'),(4,'aa','感冒药','20','1','20','2020-06-11 16:53:48','1','6'),(5,'aa','桌子','100','3','300','2020-06-11 16:53:53','1','5'),(6,'root','普通口罩','1','2','2','2020-06-11 17:11:01','1','6'),(7,'1','surface','5000','2','10000','2020-06-13 23:46:06','1','2');
/*!40000 ALTER TABLE `buy` ENABLE KEYS */;
UNLOCK TABLES;

--
-- Table structure for table `buylog`
--

DROP TABLE IF EXISTS `buylog`;
/*!40101 SET @saved_cs_client     = @@character_set_client */;
/*!50503 SET character_set_client = utf8mb4 */;
CREATE TABLE `buylog` (
  `id` varchar(20) NOT NULL,
  `uname` varchar(45) NOT NULL,
  `pname` varchar(45) NOT NULL,
  `price` varchar(45) NOT NULL,
  `pnum` varchar(45) NOT NULL,
  `sumprice` varchar(45) NOT NULL,
  `date` varchar(45) NOT NULL,
  `sid` varchar(45) NOT NULL,
  `pcatelog` varchar(45) DEFAULT NULL,
  PRIMARY KEY (`id`)
) ENGINE=InnoDB DEFAULT CHARSET=utf8mb4 COLLATE=utf8mb4_0900_ai_ci;
/*!40101 SET character_set_client = @saved_cs_client */;

--
-- Dumping data for table `buylog`
--

LOCK TABLES `buylog` WRITE;
/*!40000 ALTER TABLE `buylog` DISABLE KEYS */;
INSERT INTO `buylog` VALUES ('1','2','3','4','5','6','7','8',NULL);
/*!40000 ALTER TABLE `buylog` ENABLE KEYS */;
UNLOCK TABLES;

--
-- Table structure for table `history`
--

DROP TABLE IF EXISTS `history`;
/*!40101 SET @saved_cs_client     = @@character_set_client */;
/*!50503 SET character_set_client = utf8mb4 */;
CREATE TABLE `history` (
  `username` varchar(45) NOT NULL,
  `product_name` varchar(45) NOT NULL,
  `date` varchar(45) NOT NULL,
  `price` varchar(45) NOT NULL,
  `catelog` varchar(45) NOT NULL,
  PRIMARY KEY (`date`)
) ENGINE=InnoDB DEFAULT CHARSET=utf8mb4 COLLATE=utf8mb4_0900_ai_ci;
/*!40101 SET character_set_client = @saved_cs_client */;

--
-- Dumping data for table `history`
--

LOCK TABLES `history` WRITE;
/*!40000 ALTER TABLE `history` DISABLE KEYS */;
INSERT INTO `history` VALUES ('root','华为手机','2019-12-17 13:57:42','1000','手机'),('root','华为手机','2019-12-17 15:43:41','1000','手机'),('root','iphone','2019-12-17 15:45:14','5000','手机数码'),('李萌','草莓','2019-12-17 19:53:20','1314','生活用品'),('root','长袖','2019-12-18 00:56:05','100','衣服服饰'),('root','surface','2019-12-18 23:25:04','5000','电子产品'),('root','iwatch','2019-12-18 23:25:13','2000','穿戴设备'),('root','感冒药','2019-12-18 23:25:20','20','医疗药物'),('root','iphone11','2019-12-18 23:25:28','5000','手机数码'),('李萌','surface','2019-12-18 23:26:02','5000','电子产品'),('李萌','iwatch','2019-12-18 23:26:05','2000','穿戴设备'),('李萌','宝马X5','2019-12-18 23:26:08','500000','交通出行'),('root','宝马X5','2019-12-19 19:40:51','500000','交通出行'),('1','surface','2020-06-01 22:16:52','5000','电子产品'),('1','surface','2020-06-01 22:17:25','5000','电子产品'),('1','华为手机','2020-06-01 22:18:33','1000','手机数码'),('1','华为手机','2020-06-01 22:25:05','1000','手机数码'),('1','华为手机','2020-06-01 22:31:37','1000','手机数码'),('1','华为手机','2020-06-01 22:32:09','1000','手机数码'),('1','华为手机','2020-06-01 22:32:15','1000','手机数码'),('1','华为手机','2020-06-01 22:32:18','1000','手机数码'),('1','华为手机','2020-06-01 22:32:24','1000','手机数码'),('1','华为手机','2020-06-01 22:32:55','1000','手机数码'),('1','华为手机','2020-06-01 22:33:04','1000','手机数码'),('1','华为手机','2020-06-01 22:51:46','1000','手机数码'),('1','华为手机','2020-06-01 22:54:07','1000','手机数码'),('1','华为手机','2020-06-01 23:03:26','1000','手机数码'),('1','华为手机','2020-06-01 23:04:24','1000','手机数码'),('1','华为手机','2020-06-01 23:05:14','1000','手机数码'),('1','华为手机','2020-06-01 23:05:45','1000','手机数码'),('1','华为手机','2020-06-01 23:06:05','1000','手机数码'),('1','surface','2020-06-01 23:06:25','5000','电子产品'),('1','华为手机','2020-06-01 23:07:06','1000','手机数码'),('1','华为手机','2020-06-01 23:09:34','1000','手机数码'),('1','华为手机','2020-06-01 23:11:06','1000','手机数码'),('1','华为手机','2020-06-02 22:34:36','1000','手机数码'),('1','华为手机','2020-06-02 22:37:08','1000','手机数码'),('1','华为手机','2020-06-02 22:37:20','1000','手机数码'),('1','华为手机','2020-06-02 22:37:43','1000','手机数码'),('1','华为手机','2020-06-02 22:38:58','1000','手机数码'),('1','华为手机','2020-06-02 22:45:51','1000','手机数码'),('1','华为手机','2020-06-02 22:46:07','1000','手机数码'),('1','华为手机','2020-06-02 22:47:13','1000','手机数码'),('1','华为手机','2020-06-02 22:47:24','1000','手机数码'),('1','华为手机','2020-06-02 22:47:38','1000','手机数码'),('1','华为手机','2020-06-02 22:49:32','1000','手机数码'),('1','华为手机','2020-06-02 22:49:49','1000','手机数码'),('1','华为手机','2020-06-02 22:50:10','1000','手机数码'),('1','华为手机','2020-06-02 22:50:58','1000','手机数码'),('1','华为手机','2020-06-02 22:51:39','1000','手机数码'),('1','华为手机','2020-06-02 22:52:25','1000','手机数码'),('1','华为手机','2020-06-02 22:54:55','1000','手机数码'),('1','华为手机','2020-06-02 22:55:12','1000','手机数码'),('1','华为手机','2020-06-02 22:55:33','1000','手机数码'),('1','华为手机','2020-06-02 22:55:45','1000','手机数码'),('1','华为手机','2020-06-02 22:57:00','1000','手机数码'),('1','华为手机','2020-06-02 22:57:20','1000','手机数码'),('1','华为手机','2020-06-02 23:00:09','1000','手机数码'),('1','华为手机','2020-06-02 23:00:49','1000','手机数码'),('1','华为手机','2020-06-02 23:01:16','1000','手机数码'),('1','华为手机','2020-06-02 23:01:34','1000','手机数码'),('1','华为手机','2020-06-02 23:01:47','1000','手机数码'),('1','华为手机','2020-06-02 23:04:40','1000','手机数码'),('1','华为手机','2020-06-02 23:04:50','1000','手机数码'),('1','华为手机','2020-06-02 23:05:06','1000','手机数码'),('1','华为手机','2020-06-02 23:06:36','1000','手机数码'),('1','华为手机','2020-06-02 23:07:51','1000','手机数码'),('1','华为手机','2020-06-02 23:08:36','1000','手机数码'),('1','华为手机','2020-06-02 23:08:43','1000','手机数码'),('1','华为手机','2020-06-02 23:09:25','1000','手机数码'),('1','华为手机','2020-06-02 23:10:18','1000','手机数码'),('1','华为手机','2020-06-02 23:10:50','1000','手机数码'),('1','华为手机','2020-06-02 23:11:02','1000','手机数码'),('1','华为手机','2020-06-02 23:12:18','1000','手机数码'),('1','华为手机','2020-06-02 23:12:51','1000','手机数码'),('1','华为手机','2020-06-02 23:13:20','1000','手机数码'),('1','华为手机','2020-06-02 23:13:51','1000','手机数码'),('1','surface','2020-06-02 23:25:16','5000','电子产品'),('1','华为手机','2020-06-02 23:25:44','1000','手机数码'),('1','surface','2020-06-02 23:26:40','5000','电子产品'),('1','iwatch','2020-06-02 23:28:22','2000','穿戴设备'),('1','华为手机','2020-06-02 23:29:49','1000','手机数码'),('1','iphone11','2020-06-02 23:29:54','5000','手机数码'),('1','iphone11','2020-06-02 23:30:06','5000','手机数码'),('1','iphone11','2020-06-02 23:33:30','5000','手机数码'),('1','华为手机','2020-06-02 23:40:03','1000','手机数码'),('1','华为手机','2020-06-03 22:27:57','1000','手机数码'),('1','华为手机','2020-06-03 22:29:12','1000','手机数码'),('1','华为手机','2020-06-03 22:30:21','1000','手机数码'),('1','华为手机','2020-06-03 22:30:42','1000','手机数码'),('1','华为手机','2020-06-03 22:31:20','1000','手机数码'),('1','华为手机','2020-06-03 22:31:56','1000','手机数码'),('1','华为手机','2020-06-03 22:33:49','1000','手机数码'),('1','华为手机','2020-06-03 22:34:03','1000','手机数码'),('1','华为手机','2020-06-03 22:38:46','1000','手机数码'),('1','长袖','2020-06-03 22:40:54','100','衣服服饰'),('1','感冒药','2020-06-03 22:42:04','20','医疗药物'),('1','长袖','2020-06-03 22:43:13','100','衣服服饰'),('1','华为手机','2020-06-03 22:45:14','1000','手机数码'),('1','华为手机','2020-06-03 22:50:52','1000','手机数码'),('1','华为手机','2020-06-03 22:55:08','1000','手机数码'),('1','华为手机','2020-06-03 23:01:10','1000','手机数码'),('1','华为手机','2020-06-03 23:02:06','1000','手机数码'),('1','华为手机','2020-06-03 23:08:29','1000','手机数码'),('1','华为手机','2020-06-03 23:11:32','1000','手机数码'),('1','华为手机','2020-06-03 23:13:38','1000','手机数码'),('1','华为手机','2020-06-03 23:14:45','1000','手机数码'),('1','长袖','2020-06-03 23:16:01','100','衣服服饰'),('1','长袖','2020-06-03 23:16:09','100','衣服服饰'),('1','华为手机','2020-06-03 23:17:10','1000','手机数码'),('1','华为手机','2020-06-03 23:18:20','1000','手机数码'),('1','华为手机','2020-06-03 23:51:01','1000','手机数码'),('1','华为手机','2020-06-03 23:53:07','1000','手机数码'),('1','长袖','2020-06-03 23:58:09','100','衣服服饰'),('1','华为手机','2020-06-03 23:59:52','1000','手机数码'),('1','华为手机','2020-06-04 00:03:17','1000','手机数码'),('1','华为手机','2020-06-04 00:04:17','1000','手机数码'),('1','surface','2020-06-04 00:06:06','5000','电子产品'),('1','华为手机','2020-06-04 00:07:09','1000','手机数码'),('1','华为手机','2020-06-04 00:08:24','1000','手机数码'),('1','华为手机','2020-06-04 00:11:34','1000','手机数码'),('1','华为手机','2020-06-04 00:12:05','1000','手机数码'),('1','华为手机','2020-06-04 00:13:31','1000','手机数码'),('1','华为手机','2020-06-04 00:14:23','1000','手机数码'),('1','华为手机','2020-06-04 00:15:39','1000','手机数码'),('1','华为手机','2020-06-04 00:17:57','1000','手机数码'),('1','华为手机','2020-06-04 00:19:05','1000','手机数码'),('1','华为手机','2020-06-04 00:21:15','1000','手机数码'),('1','surface','2020-06-05 11:40:25','5000','电子产品'),('1','华为手机','2020-06-05 12:02:17','1000','手机数码'),('1','iphone11','2020-06-05 12:02:26','5000','手机数码'),('1','iphone11','2020-06-05 12:02:30','5000','手机数码'),('1','华为手机','2020-06-05 12:04:28','1000','手机数码'),('1','华为手机','2020-06-05 12:06:37','1000','手机数码'),('root','华为手机','2020-06-05 12:12:16','1000','手机数码'),('1','华为手机','2020-06-05 12:14:08','1000','手机数码'),('1','华为手机','2020-06-05 12:19:08','1000','手机数码'),('1','surface','2020-06-05 12:20:14','5000','电子产品'),('1','感冒药','2020-06-05 16:33:55','20','医疗药物'),('1','华为手机','2020-06-05 16:46:49','1000','手机数码'),('1','华为手机','2020-06-05 16:48:25','1000','手机数码'),('1','华为手机','2020-06-08 12:20:09','1000','手机数码'),('1','华为手机','2020-06-08 12:20:16','1000','手机数码'),('1','华为手机','2020-06-08 12:20:35','1000','手机数码'),('1','华为手机','2020-06-08 12:20:39','1000','手机数码'),('1','华为手机','2020-06-08 12:21:19','1000','手机数码'),('1','华为手机','2020-06-08 12:21:47','1000','手机数码'),('1','华为手机','2020-06-08 12:21:50','1000','手机数码'),('1','华为手机','2020-06-08 12:22:31','1000','手机数码'),('1','华为手机','2020-06-08 12:22:48','1000','手机数码'),('1','华为手机','2020-06-08 12:22:51','1000','手机数码'),('1','华为手机','2020-06-08 12:22:54','1000','手机数码'),('1','华为手机','2020-06-08 12:22:57','1000','手机数码'),('1','华为手机','2020-06-08 12:23:45','1000','手机数码'),('1','华为手机','2020-06-08 12:23:52','1000','手机数码'),('1','华为手机','2020-06-08 12:23:54','1000','手机数码'),('1','华为手机','2020-06-08 12:23:57','1000','手机数码'),('1','华为手机','2020-06-08 12:24:35','1000','手机数码'),('1','华为手机','2020-06-08 12:24:39','1000','手机数码'),('1','华为手机','2020-06-08 12:24:42','1000','手机数码'),('1','华为手机','2020-06-08 12:24:43','1000','手机数码'),('1','华为手机','2020-06-08 12:26:32','1000','手机数码'),('1','华为手机','2020-06-08 12:26:35','1000','手机数码'),('1','华为手机','2020-06-08 12:27:16','1000','手机数码'),('1','华为手机','2020-06-08 12:27:45','1000','手机数码'),('1','华为手机','2020-06-08 14:52:29','1000','手机数码'),('1','华为手机','2020-06-08 14:52:34','1000','手机数码'),('1','华为手机','2020-06-08 14:52:41','1000','手机数码'),('1','华为手机','2020-06-08 14:55:26','1000','手机数码'),('1','华为手机','2020-06-08 14:58:25','1000','手机数码'),('1','华为手机','2020-06-08 14:58:36','1000','手机数码'),('1','华为手机','2020-06-08 14:58:45','1000','手机数码'),('1','华为手机','2020-06-08 14:59:00','1000','手机数码'),('1','华为手机','2020-06-08 15:00:20','1000','手机数码'),('1','华为手机','2020-06-08 15:05:39','1000','手机数码'),('1','华为手机','2020-06-08 15:05:55','1000','手机数码'),('1','华为手机','2020-06-08 15:07:12','1000','手机数码'),('1','华为手机','2020-06-08 15:07:50','1000','手机数码'),('1','华为手机','2020-06-08 15:08:56','1000','手机数码'),('1','华为手机','2020-06-08 15:09:19','1000','手机数码'),('1','华为手机','2020-06-08 15:10:42','1000','手机数码'),('1','华为手机','2020-06-08 15:10:48','1000','手机数码'),('1','iphone11','2020-06-08 15:11:52','5000','手机数码'),('1','iphone11','2020-06-08 15:12:22','5000','手机数码'),('1','华为手机','2020-06-08 15:12:50','1000','手机数码'),('1','华为手机','2020-06-08 15:13:41','1000','手机数码'),('1','华为手机','2020-06-08 15:18:19','1000','手机数码'),('1','华为手机','2020-06-08 15:18:23','1000','手机数码'),('1','华为手机','2020-06-08 15:18:29','1000','手机数码'),('1','华为手机','2020-06-08 15:18:51','1000','手机数码'),('1','surface','2020-06-08 15:22:46','5000','电子产品'),('1','surface','2020-06-08 15:22:57','5000','电子产品'),('1','surface','2020-06-08 15:32:35','5000','电子产品'),('1','surface','2020-06-08 15:32:39','5000','电子产品'),('1','surface','2020-06-08 15:33:01','5000','电子产品'),('1','surface','2020-06-08 15:35:50','5000','电子产品'),('1','surface','2020-06-08 15:36:48','5000','电子产品'),('1','华为手机','2020-06-08 15:43:47','1000','手机数码'),('1','华为手机','2020-06-08 15:47:35','1000','手机数码'),('1','华为手机','2020-06-08 15:48:46','1000','手机数码'),('1','华为手机','2020-06-08 15:49:37','1000','手机数码'),('1','iphone11','2020-06-08 15:49:59','5000','手机数码'),('1','iphone11','2020-06-08 15:50:41','5000','手机数码'),('1','华为手机','2020-06-08 15:51:47','1000','手机数码'),('1','iphone11','2020-06-08 15:52:07','5000','手机数码'),('1','华为手机','2020-06-08 15:54:29','1000','手机数码'),('1','华为手机','2020-06-08 15:54:58','1000','手机数码'),('1','iphone11','2020-06-08 15:57:02','5000','手机数码'),('1','iphone11','2020-06-08 15:58:02','5000','手机数码'),('1','华为手机','2020-06-08 15:58:21','1000','手机数码'),('1','华为手机','2020-06-08 15:59:14','1000','手机数码'),('1','华为手机','2020-06-08 15:59:37','1000','手机数码'),('1','华为手机','2020-06-08 16:18:33','1000','手机数码'),('1','华为手机','2020-06-08 16:18:48','1000','手机数码'),('1','华为手机','2020-06-08 16:20:22','1000','手机数码'),('1','华为手机','2020-06-08 16:31:02','1000','手机数码'),('1','华为手机','2020-06-08 16:31:37','1000','手机数码'),('1','华为手机','2020-06-08 16:32:07','1000','手机数码'),('1','华为手机','2020-06-08 16:32:29','1000','手机数码'),('1','华为手机','2020-06-08 16:34:06','1000','手机数码'),('1','华为手机','2020-06-08 16:34:13','1000','手机数码'),('1','华为手机','2020-06-08 16:34:52','1000','手机数码'),('1','华为手机','2020-06-08 16:35:32','1000','手机数码'),('1','华为手机','2020-06-08 16:36:46','1000','手机数码'),('1','华为手机','2020-06-08 16:36:58','1000','手机数码'),('1','华为手机','2020-06-08 16:37:30','1000','手机数码'),('1','华为手机','2020-06-08 16:37:38','1000','手机数码'),('1','华为手机','2020-06-08 16:55:22','1000','手机数码'),('1','华为手机','2020-06-08 17:04:32','1000','手机数码'),('1','华为手机','2020-06-08 17:05:02','1000','手机数码'),('1','华为手机','2020-06-08 17:05:41','1000','手机数码'),('1','华为手机','2020-06-08 17:14:52','1000','手机数码'),('1','iphone11','2020-06-08 17:16:06','5000','手机数码'),('1','华为手机','2020-06-08 17:16:36','1000','手机数码'),('1','iphone11','2020-06-08 17:32:33','5000','手机数码'),('1','surface','2020-06-08 17:33:52','5000','电子产品'),('1','surface','2020-06-08 17:34:19','5000','电子产品'),('1','surface','2020-06-08 17:34:30','5000','电子产品'),('1','华为手机','2020-06-09 15:40:35','1000','手机数码'),('1','iphone11','2020-06-09 15:40:51','5000','手机数码'),('1','iwatch','2020-06-09 15:41:14','2000','穿戴设备'),('1','iwatch','2020-06-09 15:41:39','2000','穿戴设备'),('1','感冒药','2020-06-09 15:41:58','20','医疗药物'),('1','感冒药','2020-06-09 15:42:26','20','医疗药物'),('1','感冒药','2020-06-09 15:42:45','20','医疗药物'),('1','surface','2020-06-09 16:25:08','5000','电子产品'),('1','surface','2020-06-09 16:25:15','5000','电子产品'),('1','surface','2020-06-09 16:25:27','5000','电子产品'),('1','surface','2020-06-09 16:30:37','5000','电子产品'),('1','surface','2020-06-09 16:32:07','5000','电子产品'),('1','surface','2020-06-09 16:33:19','5000','电子产品'),('1','surface','2020-06-09 16:33:58','5000','电子产品'),('1','surface','2020-06-09 16:34:04','5000','电子产品'),('1','surface','2020-06-09 16:34:12','5000','电子产品'),('1','surface','2020-06-09 16:34:15','5000','电子产品'),('1','surface','2020-06-09 16:35:06','5000','电子产品'),('1','surface','2020-06-09 16:35:26','5000','电子产品'),('1','surface','2020-06-09 16:35:38','5000','电子产品'),('1','surface','2020-06-09 16:36:59','5000','电子产品'),('1','surface','2020-06-09 16:37:09','5000','电子产品'),('1','surface','2020-06-09 16:37:49','5000','电子产品'),('1','surface','2020-06-09 16:38:14','5000','电子产品'),('1','surface','2020-06-09 16:38:54','5000','电子产品'),('1','surface','2020-06-09 16:39:33','5000','电子产品'),('1','surface','2020-06-09 16:40:26','5000','电子产品'),('1','surface','2020-06-09 16:40:38','5000','电子产品'),('1','surface','2020-06-09 16:40:52','5000','电子产品'),('1','surface','2020-06-09 16:40:56','5000','电子产品'),('1','surface','2020-06-09 16:41:01','5000','电子产品'),('1','surface','2020-06-09 16:42:44','5000','电子产品'),('1','surface','2020-06-09 16:44:11','5000','电子产品'),('1','surface','2020-06-09 16:44:35','5000','电子产品'),('1','surface','2020-06-09 16:49:27','5000','电子产品'),('1','宝马X5','2020-06-09 16:53:01','500000','交通出行'),('1','宝马X5','2020-06-09 16:54:39','500000','交通出行'),('1','宝马X5','2020-06-09 16:55:11','500000','交通出行'),('1','宝马X5','2020-06-09 16:56:55','500000','交通出行'),('1','宝马X5','2020-06-09 16:57:27','500000','交通出行'),('1','iphone11','2020-06-09 16:57:37','5000','手机数码'),('1','长袖','2020-06-09 16:57:47','100','衣服服饰'),('21','surface','2020-06-11 11:30:56','5000','电子产品'),('21','surface','2020-06-11 11:30:59','5000','电子产品'),('21','surface','2020-06-11 11:31:02','5000','电子产品'),('21','长袖','2020-06-11 11:31:12','100','衣服服饰'),('21','superme上衣','2020-06-11 11:31:23','100','衣服服饰'),('21','iwatch','2020-06-11 11:31:46','2000','穿戴设备'),('21','感冒药','2020-06-11 11:31:56','20','医疗药物'),('1','华为手机','2020-06-11 13:12:29','1000','手机数码'),('1','宝马X5','2020-06-11 13:13:05','500000','交通出行'),('1','宝马X5','2020-06-11 13:13:11','500000','交通出行'),('1','华为手机','2020-06-11 13:21:08','1000','手机数码'),('1','华为手机','2020-06-11 13:21:13','1000','手机数码'),('1','iphone11','2020-06-11 13:21:16','5000','手机数码'),('1','iphone11','2020-06-11 13:21:22','5000','手机数码'),('1','华为手机','2020-06-11 13:21:33','1000','手机数码'),('1','华为手机','2020-06-11 13:25:07','1000','手机数码'),('1','iphone11','2020-06-11 13:25:13','5000','手机数码'),('21','长袖','2020-06-11 16:42:45','100','衣服服饰'),('21','superme上衣','2020-06-11 16:42:51','100','衣服服饰'),('21','nike裤子','2020-06-11 16:43:07','299','衣服服饰'),('21','adidas上衣','2020-06-11 16:45:15','499','衣服服饰'),('aa','小米手表','2020-06-11 16:48:50','2099','穿戴设备'),('aa','谷歌眼镜','2020-06-11 16:49:02','13990','穿戴设备'),('aa','小米手表','2020-06-11 16:49:10','2099','穿戴设备'),('aa','卡西欧机械表','2020-06-11 16:49:19','1299','穿戴设备'),('aa','iwatch','2020-06-11 16:49:33','2000','穿戴设备'),('aa','谷歌眼镜','2020-06-11 16:49:52','13990','穿戴设备'),('aa','桌子','2020-06-11 16:50:05','100','生活用品'),('aa','凳子','2020-06-11 16:50:21','100','生活用品'),('aa','床','2020-06-11 16:50:48','2000','生活用品'),('aa','天鹅绒被子','2020-06-11 16:51:02','2000','生活用品'),('aa','n95口罩','2020-06-11 16:52:34','15','医疗药物'),('aa','烧伤药','2020-06-11 16:52:43','10','医疗药物'),('aa','感冒药','2020-06-11 16:52:52','20','医疗药物'),('aa','桌子','2020-06-11 16:53:11','100','生活用品'),('aa','爱玛电动车','2020-06-11 16:53:26','2000','交通出行'),('aa','地铁卡','2020-06-11 16:53:29','100','交通出行'),('aa','平衡车','2020-06-11 16:53:36','1299','交通出行'),('root','爱玛电动车','2020-06-11 16:57:35','2000','交通出行'),('root','华为手机','2020-06-11 17:00:39','1000','手机数码'),('root','adidas上衣','2020-06-11 17:01:00','499','衣服服饰'),('root','烧伤药','2020-06-11 17:01:47','10','医疗药物'),('root','普通口罩','2020-06-11 17:07:57','1','医疗药物'),('root','轮椅','2020-06-11 17:08:34','100','医疗药物'),('root','n95口罩','2020-06-11 17:09:46','15','医疗药物'),('1','地铁卡','2020-06-12 00:18:03','100','交通出行'),('1','爱玛电动车','2020-06-12 00:18:46','2000','交通出行'),('1','surface','2020-06-13 23:42:32','5000','电子产品'),('1','华为手机','2020-06-13 23:42:37','1000','手机数码'),('1','surface','2020-06-13 23:45:26','5000','电子产品');
/*!40000 ALTER TABLE `history` ENABLE KEYS */;
UNLOCK TABLES;

--
-- Table structure for table `history2`
--

DROP TABLE IF EXISTS `history2`;
/*!40101 SET @saved_cs_client     = @@character_set_client */;
/*!50503 SET character_set_client = utf8mb4 */;
CREATE TABLE `history2` (
  `id` int(11) NOT NULL,
  `username` varchar(45) NOT NULL,
  `pname` varchar(45) NOT NULL,
  `pcatelog` varchar(45) NOT NULL,
  `lasttime` varchar(45) NOT NULL,
  `price` varchar(45) NOT NULL,
  `date` varchar(45) NOT NULL,
  PRIMARY KEY (`id`)
) ENGINE=InnoDB DEFAULT CHARSET=utf8mb4 COLLATE=utf8mb4_0900_ai_ci;
/*!40101 SET character_set_client = @saved_cs_client */;

--
-- Dumping data for table `history2`
--

LOCK TABLES `history2` WRITE;
/*!40000 ALTER TABLE `history2` DISABLE KEYS */;
INSERT INTO `history2` VALUES (1,'1','surface','2','5','5000','2020-06-06 22:42:15'),(2,'1','iphone11','1','11','5000','2020-06-09 15:41:21'),(3,'1','iwatch','4','14','2000','2020-06-09 15:41:43'),(4,'1','iwatch','4','8','2000','2020-06-09 15:42:08'),(5,'1','感冒药','6','8','20','2020-06-09 15:42:30'),(6,'1','surface','2','7','5000','2020-06-09 16:30:41'),(7,'1','surface','2','7','5000','2020-06-09 16:32:11'),(8,'1','surface','2','7','5000','2020-06-09 16:33:19'),(9,'1','surface','2','7','5000','2020-06-09 16:33:58'),(10,'1','surface','2','7','5000','2020-06-09 16:34:04'),(11,'1','surface','2','7','5000','2020-06-09 16:34:12'),(12,'1','surface','2','7','5000','2020-06-09 16:34:15'),(13,'1','surface','2','7','5000','2020-06-09 16:35:06'),(14,'1','surface','2','7','5000','2020-06-09 16:35:26'),(15,'1','surface','2','7','5000','2020-06-09 16:35:38'),(16,'1','surface','2','7','5000','2020-06-09 16:36:59'),(17,'1','surface','2','7','5000','2020-06-09 16:37:09'),(18,'1','surface','2','7','5000','2020-06-09 16:37:49'),(19,'1','surface','2','7','5000','2020-06-09 16:38:14'),(20,'1','surface','2','7','5000','2020-06-09 16:38:54'),(21,'1','surface','2','7','5000','2020-06-09 16:39:33'),(22,'1','surface','2','7','5000','2020-06-09 16:40:26'),(23,'1','surface','2','7','5000','2020-06-09 16:40:39'),(24,'1','surface','2','7','5000','2020-06-09 16:40:53'),(25,'1','surface','2','7','5000','2020-06-09 16:40:56'),(26,'1','surface','2','7','5000','2020-06-09 16:41:01'),(27,'1','surface','2','7','5000','2020-06-09 16:44:12'),(28,'1','surface','2','7','5000','2020-06-09 16:44:36'),(29,'1','surface','2','7','5000','2020-06-09 16:49:27'),(30,'1','surface','2','160','5000','2020-06-09 16:53:01'),(31,'1','宝马X5','7','1','500000','2020-06-09 16:54:39'),(32,'1','宝马X5','7','2','500000','2020-06-09 16:55:11'),(33,'1','宝马X5','7','0','500000','2020-06-09 16:56:55'),(34,'1','宝马X5','7','1','500000','2020-06-09 16:57:27'),(35,'1','iphone11','1','4','5000','2020-06-09 16:57:47'),(36,'21','surface','2','5','5000','2020-06-11 11:31:12'),(37,'21','superme上衣','3','3','100','2020-06-11 11:31:46'),(38,'21','iwatch','4','2','2000','2020-06-11 11:31:57'),(39,'1','iphone11','1','3','5000','2020-06-11 13:21:33'),(40,'1','华为手机','1','3','1000','2020-06-11 13:25:07'),(41,'21','地铁卡','7','36','100','2020-06-11 16:45:16'),(42,'aa','adidas上衣','3','3','499','2020-06-11 16:48:50'),(43,'aa','谷歌眼镜','4','4','13990','2020-06-11 16:49:10'),(44,'aa','谷歌眼镜','4','5','13990','2020-06-11 16:50:06'),(45,'aa','n95口罩','6','4','15','2020-06-11 16:52:43'),(46,'aa','感冒药','6','6','20','2020-06-11 16:53:12'),(47,'aa','爱玛电动车','7','1','2000','2020-06-11 16:53:29'),(48,'root','爱玛电动车','7','19','2000','1970-01-01 08:00:00'),(49,'root','华为手机','1','9','1000','2020-06-11 17:00:39'),(50,'root','华为手机','1','2','1000','2020-06-11 17:01:00'),(51,'root','adidas上衣','3','28','499','2020-06-11 17:01:47');
/*!40000 ALTER TABLE `history2` ENABLE KEYS */;
UNLOCK TABLES;

--
-- Table structure for table `logrecord`
--

DROP TABLE IF EXISTS `logrecord`;
/*!40101 SET @saved_cs_client     = @@character_set_client */;
/*!50503 SET character_set_client = utf8mb4 */;
CREATE TABLE `logrecord` (
  `id` int(11) NOT NULL,
  `name` varchar(45) NOT NULL,
  `type` varchar(45) NOT NULL,
  `date` varchar(45) NOT NULL,
  `ipadr` varchar(45) NOT NULL,
  `operate` varchar(45) NOT NULL,
  PRIMARY KEY (`id`)
) ENGINE=InnoDB DEFAULT CHARSET=utf8mb4 COLLATE=utf8mb4_0900_ai_ci;
/*!40101 SET character_set_client = @saved_cs_client */;

--
-- Dumping data for table `logrecord`
--

LOCK TABLES `logrecord` WRITE;
/*!40000 ALTER TABLE `logrecord` DISABLE KEYS */;
INSERT INTO `logrecord` VALUES (0,'1','user','2020-06-07 16:41:30','127.0.0.1','login'),(1,'1','user','2020-06-07 16:56:10','127.0.0.1','login'),(2,'1','user','2020-06-07 16:58:19','127.0.0.1','login'),(3,'1','user','2020-06-07 18:08:00','127.0.0.1','login'),(4,'1','user','2020-06-07 18:13:58','127.0.0.1','login'),(5,'1','user','2020-06-07 18:14:05','127.0.0.1','login'),(6,'1','user','2020-06-07 17:17:56','127.0.0.1','login'),(7,'1','user','2020-06-07 18:17:56','127.0.0.1','logout'),(8,'1','user','2020-06-08 11:51:21','0:0:0:0:0:0:0:1','login'),(9,'1','user','2020-06-08 14:50:32','0:0:0:0:0:0:0:1','login'),(10,'1','user','2020-06-08 15:03:04','0:0:0:0:0:0:0:1','login'),(11,'1','user','2020-06-08 15:05:21','0:0:0:0:0:0:0:1','login'),(12,'1','user','2020-06-08 15:08:47','0:0:0:0:0:0:0:1','login'),(13,'1','user','2020-06-08 15:43:33','0:0:0:0:0:0:0:1','logout'),(14,'1','user','2020-06-08 15:43:37','0:0:0:0:0:0:0:1','login'),(15,'1','user','2020-06-08 15:47:17','0:0:0:0:0:0:0:1','login'),(16,'1','user','2020-06-08 15:51:39','0:0:0:0:0:0:0:1','logout'),(17,'1','user','2020-06-08 15:51:43','0:0:0:0:0:0:0:1','login'),(18,'1','user','2020-06-08 15:53:51','0:0:0:0:0:0:0:1','login'),(19,'1','user','2020-06-08 15:56:20','0:0:0:0:0:0:0:1','login'),(20,'1','user','2020-06-08 16:55:12','0:0:0:0:0:0:0:1','logout'),(21,'1','user','2020-06-08 16:55:16','0:0:0:0:0:0:0:1','login'),(22,'1','user','2020-06-08 17:14:32','0:0:0:0:0:0:0:1','logout'),(23,'1','user','2020-06-08 17:14:36','0:0:0:0:0:0:0:1','login'),(24,'1','user','2020-06-08 17:32:19','0:0:0:0:0:0:0:1','login'),(25,'1','user','2020-06-08 17:33:44','0:0:0:0:0:0:0:1','login'),(26,'aa','slaver','2020-06-08 21:26:16','0:0:0:0:0:0:0:1','login'),(27,'aa','slaver','2020-06-08 22:26:16','0:0:0:0:0:0:0:1','logout'),(28,'1','user','2020-06-09 15:40:31','127.0.0.1','login'),(29,'1','user','2020-06-09 15:42:48','127.0.0.1','logout'),(30,'1','user','2020-06-09 16:25:03','127.0.0.1','login'),(31,'1','user','2020-06-09 16:54:35','127.0.0.1','login'),(32,'1','user','2020-06-09 16:56:51','127.0.0.1','login'),(33,'1','user','2020-06-09 17:24:53','127.0.0.1','logout'),(34,'1','user','2020-06-11 11:29:16','127.0.0.1','login'),(35,'1','user','2020-06-11 11:30:32','127.0.0.1','logout'),(36,'21','user','2020-06-11 11:30:50','127.0.0.1','login'),(37,'21','user','2020-06-11 11:32:08','127.0.0.1','logout'),(38,'aa','slaver','2020-06-11 11:32:42','127.0.0.1','login'),(39,'aa','slaver','2020-06-11 12:32:42','127.0.0.1','logout'),(40,'aa','slaver','2020-06-11 11:32:47','127.0.0.1','login'),(41,'aa','slaver','2020-06-11 12:32:47','127.0.0.1','logout'),(42,'aa','slaver','2020-06-11 11:49:01','127.0.0.1','login'),(43,'aa','slaver','2020-06-11 12:49:01','127.0.0.1','logout'),(44,'aa','slaver','2020-06-11 11:51:22','127.0.0.1','login'),(45,'aa','slaver','2020-06-11 12:51:22','127.0.0.1','logout'),(46,'aa','slaver','2020-06-11 11:52:53','127.0.0.1','login'),(47,'aa','slaver','2020-06-11 12:52:53','127.0.0.1','logout'),(48,'aa','slaver','2020-06-11 11:53:19','127.0.0.1','login'),(49,'aa','slaver','2020-06-11 12:53:19','127.0.0.1','logout'),(50,'aa','slaver','2020-06-11 11:57:45','127.0.0.1','login'),(51,'aa','slaver','2020-06-11 12:57:45','127.0.0.1','logout'),(52,'aa','slaver','2020-06-11 11:57:58','127.0.0.1','login'),(53,'aa','slaver','2020-06-11 12:57:58','127.0.0.1','logout'),(54,'1','saler','2020-06-11 11:58:05','127.0.0.1','SelectProductLog'),(55,'aa','slaver','2020-06-11 12:03:49','127.0.0.1','login'),(56,'aa','slaver','2020-06-11 13:03:49','127.0.0.1','logout'),(57,'1','saler','2020-06-11 12:03:54','127.0.0.1','SelectProductLog'),(58,'aa','saler','2020-06-11 12:04:42','127.0.0.1','InsertProduct'),(59,'aa','saler','2020-06-11 12:05:41','127.0.0.1','InsertProduct'),(60,'aa','slaver','2020-06-11 12:09:39','127.0.0.1','login'),(61,'aa','slaver','2020-06-11 13:09:39','127.0.0.1','logout'),(62,'1','saler','2020-06-11 12:09:42','127.0.0.1','SelectProductLog'),(63,'aa','saler','2020-06-11 12:09:59','127.0.0.1','InsertProduct'),(64,'1','saler','2020-06-11 12:10:13','127.0.0.1','SelectProductLog'),(65,'aa','slaver','2020-06-11 12:12:00','127.0.0.1','login'),(66,'aa','slaver','2020-06-11 13:12:00','127.0.0.1','logout'),(67,'1','saler','2020-06-11 12:12:03','127.0.0.1','SelectProductLog'),(68,'aa','saler','2020-06-11 12:12:07','127.0.0.1','SelecProduct'),(69,'aa','saler','2020-06-11 12:12:24','127.0.0.1','UpdateProduct'),(70,'1','saler','2020-06-11 12:12:38','127.0.0.1','SelectProductLog'),(71,'aa','saler','2020-06-11 12:12:51','127.0.0.1','SelecProduct'),(72,'aa','saler','2020-06-11 12:12:58','127.0.0.1','UpdateProduct'),(73,'1','saler','2020-06-11 12:13:02','127.0.0.1','SelectProductLog'),(74,'1','user','2020-06-11 13:12:24','127.0.0.1','login'),(75,'1','user','2020-06-11 13:18:41','127.0.0.1','logout'),(76,'1','user','2020-06-11 13:18:53','127.0.0.1','login'),(77,'1','user','2020-06-11 13:24:57','127.0.0.1','login'),(78,'1','user','2020-06-11 13:24:59','127.0.0.1','logout'),(79,'1','user','2020-06-11 13:25:02','127.0.0.1','login'),(80,'aa','slaver','2020-06-11 16:10:40','127.0.0.1','login'),(81,'aa','slaver','2020-06-11 17:10:40','127.0.0.1','logout'),(82,'aa','saler','2020-06-11 16:10:42','127.0.0.1','SelectProductLog'),(83,'aa','saler','2020-06-11 16:12:58','127.0.0.1','InsertProduct'),(84,'aa','saler','2020-06-11 16:12:58','127.0.0.1','SelectProductLog'),(85,'aa','saler','2020-06-11 16:13:33','127.0.0.1','InsertProduct'),(86,'aa','saler','2020-06-11 16:13:33','127.0.0.1','SelectProductLog'),(87,'aa','saler','2020-06-11 16:14:18','127.0.0.1','InsertProduct'),(88,'aa','saler','2020-06-11 16:14:18','127.0.0.1','SelectProductLog'),(89,'aa','saler','2020-06-11 16:16:15','127.0.0.1','SelecProduct'),(90,'aa','saler','2020-06-11 16:16:21','127.0.0.1','SelecProduct'),(91,'aa','saler','2020-06-11 16:16:25','127.0.0.1','UpdateProduct'),(92,'aa','saler','2020-06-11 16:16:25','127.0.0.1','SelectProductLog'),(93,'aa','saler','1970-01-01 08:00:00','127.0.0.1','InsertProduct'),(94,'aa','saler','2020-06-11 16:22:17','127.0.0.1','InsertProduct'),(95,'aa','saler','2020-06-11 16:22:17','127.0.0.1','SelectProductLog'),(96,'aa','saler','2020-06-11 16:23:52','127.0.0.1','InsertProduct'),(97,'aa','saler','2020-06-11 16:23:52','127.0.0.1','SelectProductLog'),(98,'aa','saler','2020-06-11 16:24:19','127.0.0.1','InsertProduct'),(99,'aa','saler','2020-06-11 16:24:19','127.0.0.1','SelectProductLog'),(100,'aa','saler','2020-06-11 16:25:49','127.0.0.1','InsertProduct'),(101,'aa','saler','2020-06-11 16:25:49','127.0.0.1','SelectProductLog'),(102,'aa','saler','2020-06-11 16:26:19','127.0.0.1','InsertProduct'),(103,'aa','saler','2020-06-11 16:26:19','127.0.0.1','SelectProductLog'),(104,'aa','saler','2020-06-11 16:26:33','127.0.0.1','InsertProduct'),(105,'aa','saler','2020-06-11 16:26:33','127.0.0.1','SelectProductLog'),(106,'aa','saler','2020-06-11 16:27:05','127.0.0.1','InsertProduct'),(107,'aa','saler','2020-06-11 16:27:05','127.0.0.1','SelectProductLog'),(108,'aa','saler','2020-06-11 16:27:18','127.0.0.1','InsertProduct'),(109,'aa','saler','2020-06-11 16:27:18','127.0.0.1','SelectProductLog'),(110,'aa','saler','2020-06-11 16:27:51','127.0.0.1','InsertProduct'),(111,'aa','saler','2020-06-11 16:27:52','127.0.0.1','SelectProductLog'),(112,'aa','saler','2020-06-11 16:28:28','127.0.0.1','InsertProduct'),(113,'aa','saler','2020-06-11 16:28:28','127.0.0.1','SelectProductLog'),(114,'aa','saler','2020-06-11 16:28:50','127.0.0.1','InsertProduct'),(115,'aa','saler','2020-06-11 16:28:50','127.0.0.1','SelectProductLog'),(116,'aa','saler','2020-06-11 16:29:17','127.0.0.1','InsertProduct'),(117,'aa','saler','2020-06-11 16:29:18','127.0.0.1','SelectProductLog'),(118,'aa','saler','2020-06-11 16:29:34','127.0.0.1','InsertProduct'),(119,'aa','saler','2020-06-11 16:29:34','127.0.0.1','SelectProductLog'),(120,'aa','saler','2020-06-11 16:29:57','127.0.0.1','InsertProduct'),(121,'aa','saler','2020-06-11 16:29:57','127.0.0.1','SelectProductLog'),(122,'aa','saler','2020-06-11 16:30:13','127.0.0.1','InsertProduct'),(123,'aa','saler','2020-06-11 16:30:13','127.0.0.1','SelectProductLog'),(124,'aa','saler','2020-06-11 16:30:42','127.0.0.1','InsertProduct'),(125,'aa','saler','2020-06-11 16:30:43','127.0.0.1','SelectProductLog'),(126,'21','user','2020-06-11 16:42:20','127.0.0.1','login'),(127,'aa','user','2020-06-11 16:48:31','127.0.0.1','login'),(128,'aa','user','2020-06-11 16:53:57','127.0.0.1','logout'),(129,'root','user','2020-06-11 16:56:33','127.0.0.1','login'),(130,'root','user','2020-06-11 17:16:23','127.0.0.1','logout'),(131,'1','user','2020-06-11 23:04:12','127.0.0.1','login'),(132,'1','user','2020-06-11 23:10:45','127.0.0.1','logout'),(133,'1','user','2020-06-11 23:11:30','127.0.0.1','login'),(134,'1','user','2020-06-12 00:15:02','0:0:0:0:0:0:0:1','login'),(135,'aa','slaver','2020-06-13 17:02:57','0:0:0:0:0:0:0:1','login'),(136,'aa','slaver','2020-06-13 18:02:57','0:0:0:0:0:0:0:1','logout'),(137,'aa','saler','2020-06-13 17:02:57','0:0:0:0:0:0:0:1','SelectProductLog'),(138,'aa','saler','2020-06-13 17:17:33','0:0:0:0:0:0:0:1','SelecProduct'),(139,'root','manager','2020-06-13 21:01:02','0:0:0:0:0:0:0:1','SelectSalerLog'),(140,'root','manager','2020-06-13 21:06:59','0:0:0:0:0:0:0:1','SelectSalerLog'),(141,'root','manager','2020-06-13 21:53:53','0:0:0:0:0:0:0:1','SelectSalerLog'),(142,'root','manager','2020-06-13 21:56:49','0:0:0:0:0:0:0:1','SelectSalerLog'),(143,'root','manager','2020-06-13 21:58:48','0:0:0:0:0:0:0:1','SelectSalerLog'),(144,'root','manager','2020-06-13 21:58:58','0:0:0:0:0:0:0:1','UpdateProductLog'),(145,'root','manager','2020-06-13 21:59:18','0:0:0:0:0:0:0:1','UpdateProductLog'),(146,'root','manager','2020-06-13 21:59:29','0:0:0:0:0:0:0:1','UpdateProductLog'),(147,'root','manager','2020-06-13 21:59:41','0:0:0:0:0:0:0:1','UpdateProductLog'),(148,'root','manager','2020-06-13 22:00:01','0:0:0:0:0:0:0:1','UpdateProductLog'),(149,'1','user','2020-06-13 23:34:07','127.0.0.1','login'),(150,'1','user','2020-06-13 23:34:35','127.0.0.1','logout'),(151,'asd','user','2020-06-13 23:36:28','127.0.0.1','Register'),(152,'1','user','2020-06-13 23:36:59','127.0.0.1','login'),(153,'1','user','2020-06-13 23:41:32','127.0.0.1','logout'),(154,'1','user','2020-06-13 23:42:14','127.0.0.1','login'),(155,'1','user','2020-06-13 23:43:58','127.0.0.1','login'),(156,'1','user','2020-06-13 23:45:23','127.0.0.1','login'),(157,'1','user','2020-06-13 23:47:19','127.0.0.1','logout'),(158,'aa','slaver','2020-06-13 23:47:33','127.0.0.1','login'),(159,'aa','slaver','2020-06-14 00:47:33','127.0.0.1','logout'),(160,'aa','saler','2020-06-13 23:47:33','127.0.0.1','SelectProductLog'),(161,'aa','saler','2020-06-13 23:48:59','127.0.0.1','InsertProduct'),(162,'aa','saler','2020-06-13 23:48:59','127.0.0.1','SelectProductLog'),(163,'aa','saler','2020-06-13 23:49:33','127.0.0.1','SelecProduct'),(164,'aa','saler','2020-06-13 23:49:51','127.0.0.1','UpdateProduct'),(165,'aa','saler','2020-06-13 23:49:51','127.0.0.1','SelectProductLog'),(166,'aa','saler','2020-06-13 23:50:02','127.0.0.1','DeleteProduct'),(167,'aa','saler','2020-06-13 23:50:02','127.0.0.1','SelectProductLog'),(168,'aa','saler','2020-06-13 23:50:16','127.0.0.1','SelecProduct'),(169,'aa','saler','2020-06-13 23:50:29','127.0.0.1','UpdateProduct'),(170,'aa','saler','2020-06-13 23:50:29','127.0.0.1','SelectProductLog'),(171,'root','manager','2020-06-13 23:55:18','127.0.0.1','SelectSalerLog'),(172,'root','manager','2020-06-13 23:56:28','127.0.0.1','UpdateProductLog'),(173,'root','manager','2020-06-13 23:57:56','127.0.0.1','UpdateProductLog'),(174,'root','manager','2020-06-13 23:57:58','127.0.0.1','UpdateProductLog'),(175,'root','manager','2020-06-13 23:57:59','127.0.0.1','UpdateProductLog'),(176,'root','manager','2020-06-13 23:58:00','127.0.0.1','UpdateProductLog'),(177,'root','manager','2020-06-13 23:58:03','127.0.0.1','UpdateProductLog'),(178,'root','manager','2020-06-13 23:58:04','127.0.0.1','UpdateProductLog'),(179,'root','manager','2020-06-13 23:58:05','127.0.0.1','UpdateProductLog'),(180,'root','manager','2020-06-13 23:58:07','127.0.0.1','UpdateProductLog'),(181,'root','manager','2020-06-13 23:58:07','127.0.0.1','UpdateProductLog'),(182,'root','manager','2020-06-13 23:58:18','127.0.0.1','UpdateProductLog'),(183,'root','manager','2020-06-13 23:58:19','127.0.0.1','UpdateProductLog'),(184,'root','manager','2020-06-13 23:58:20','127.0.0.1','UpdateProductLog'),(185,'root','manager','2020-06-13 23:58:21','127.0.0.1','UpdateProductLog'),(186,'root','manager','2020-06-14 00:08:52','127.0.0.1','SelectUserDraw'),(187,'root','manager','2020-06-14 00:10:17','127.0.0.1','SelectUserDraw'),(188,'1','user','2020-06-14 00:12:50','127.0.0.1','login'),(189,'1','user','2020-06-14 00:13:04','127.0.0.1','login'),(190,'1','user','2020-06-14 00:13:17','127.0.0.1','login'),(191,'1','user','2020-06-14 00:13:25','127.0.0.1','login'),(192,'1','user','2020-06-14 00:17:09','127.0.0.1','logout'),(193,'qwe1','user','2020-06-14 00:19:35','127.0.0.1','Register'),(194,'qwe','user','2020-06-14 00:19:51','127.0.0.1','Register'),(195,'qwe','user','2020-06-14 00:20:57','127.0.0.1','Register'),(196,'qweeq','user','2020-06-14 00:22:05','127.0.0.1','Register'),(197,'qweeq','user','2020-06-14 00:23:47','127.0.0.1','Register'),(198,'asdasa','user','2020-06-14 00:27:02','127.0.0.1','Register');
/*!40000 ALTER TABLE `logrecord` ENABLE KEYS */;
UNLOCK TABLES;

--
-- Table structure for table `manager`
--

DROP TABLE IF EXISTS `manager`;
/*!40101 SET @saved_cs_client     = @@character_set_client */;
/*!50503 SET character_set_client = utf8mb4 */;
CREATE TABLE `manager` (
  `name` varchar(45) NOT NULL,
  `password` varchar(45) NOT NULL,
  `phone` varchar(45) NOT NULL,
  `email` varchar(45) NOT NULL,
  `statue` varchar(45) NOT NULL,
  PRIMARY KEY (`name`)
) ENGINE=InnoDB DEFAULT CHARSET=utf8mb4 COLLATE=utf8mb4_0900_ai_ci;
/*!40101 SET character_set_client = @saved_cs_client */;

--
-- Dumping data for table `manager`
--

LOCK TABLES `manager` WRITE;
/*!40000 ALTER TABLE `manager` DISABLE KEYS */;
INSERT INTO `manager` VALUES ('root','123456','17665184565','978389921@qq.com','在线');
/*!40000 ALTER TABLE `manager` ENABLE KEYS */;
UNLOCK TABLES;

--
-- Table structure for table `manageruserdraw`
--

DROP TABLE IF EXISTS `manageruserdraw`;
/*!40101 SET @saved_cs_client     = @@character_set_client */;
/*!50503 SET character_set_client = utf8mb4 */;
CREATE TABLE `manageruserdraw` (
  `id` int(11) NOT NULL,
  `buytable` int(11) NOT NULL,
  `historytable` int(11) NOT NULL,
  `carttable` int(11) NOT NULL,
  `sum` int(11) NOT NULL,
  PRIMARY KEY (`id`)
) ENGINE=InnoDB DEFAULT CHARSET=utf8mb4 COLLATE=utf8mb4_0900_ai_ci;
/*!40101 SET character_set_client = @saved_cs_client */;

--
-- Dumping data for table `manageruserdraw`
--

LOCK TABLES `manageruserdraw` WRITE;
/*!40000 ALTER TABLE `manageruserdraw` DISABLE KEYS */;
INSERT INTO `manageruserdraw` VALUES (1,0,0,0,0),(2,3,38,7,48),(3,6,51,17,74),(4,7,51,20,78);
/*!40000 ALTER TABLE `manageruserdraw` ENABLE KEYS */;
UNLOCK TABLES;

--
-- Table structure for table `middlelog`
--

DROP TABLE IF EXISTS `middlelog`;
/*!40101 SET @saved_cs_client     = @@character_set_client */;
/*!50503 SET character_set_client = utf8mb4 */;
CREATE TABLE `middlelog` (
  `id` int(11) NOT NULL,
  `username` varchar(45) DEFAULT NULL,
  `pname` varchar(45) DEFAULT NULL,
  `catelog` varchar(45) DEFAULT NULL,
  `action` varchar(45) DEFAULT NULL,
  `date` varchar(45) DEFAULT NULL,
  `lasttime` varchar(45) DEFAULT NULL,
  PRIMARY KEY (`id`)
) ENGINE=InnoDB DEFAULT CHARSET=utf8mb4 COLLATE=utf8mb4_0900_ai_ci;
/*!40101 SET character_set_client = @saved_cs_client */;

--
-- Dumping data for table `middlelog`
--

LOCK TABLES `middlelog` WRITE;
/*!40000 ALTER TABLE `middlelog` DISABLE KEYS */;
INSERT INTO `middlelog` VALUES (1,'1','surface','2','look','2020-06-06','5'),(2,'1','iphone11','1','look','2020-06-09','11'),(3,'1','iwatch','4','look','2020-06-09','14'),(4,'1','iwatch','4','look','2020-06-09','8'),(5,'1','感冒药','6','look','2020-06-09','8'),(6,'1','surface','2','look','2020-06-09','7'),(7,'1','surface','2','look','2020-06-09','7'),(8,'1','surface','2','look','2020-06-09','7'),(9,'1','surface','2','look','2020-06-09','7'),(10,'1','surface','2','look','2020-06-09','7'),(11,'1','surface','2','look','2020-06-09','7'),(12,'1','surface','2','look','2020-06-09','7'),(13,'1','surface','2','look','2020-06-09','7'),(14,'1','surface','2','look','2020-06-09','7'),(15,'1','surface','2','look','2020-06-09','7'),(16,'1','surface','2','look','2020-06-09','7'),(17,'1','surface','2','look','2020-06-09','7'),(18,'1','surface','2','look','2020-06-09','7'),(19,'1','surface','2','look','2020-06-09','7'),(20,'1','surface','2','look','2020-06-09','7'),(21,'1','surface','2','look','2020-06-09','7'),(22,'1','surface','2','look','2020-06-09','7'),(23,'1','surface','2','look','2020-06-09','7'),(24,'1','surface','2','look','2020-06-09','7'),(25,'1','surface','2','look','2020-06-09','7'),(26,'1','surface','2','look','2020-06-09','7'),(27,'1','surface','2','look','2020-06-09','7'),(28,'1','surface','2','look','2020-06-09','7'),(29,'1','surface','2','look','2020-06-09','7'),(30,'1','surface','2','look','2020-06-09','160'),(31,'1','宝马X5','7','look','2020-06-09','1'),(32,'1','宝马X5','7','look','2020-06-09','2'),(33,'1','宝马X5','7','look','2020-06-09','0'),(34,'1','宝马X5','7','look','2020-06-09','1'),(35,'1','iphone11','1','look','2020-06-09','4'),(36,'21','surface','2','look','2020-06-11','5'),(37,'21','superme上衣','3','look','2020-06-11','3'),(38,'21','iwatch','4','look','2020-06-11','2'),(39,'1','宝马X5','7','cart','2020-06-09','0'),(40,'1','iphone11','1','cart','2020-06-09','0'),(41,'1','长袖','3','cart','2020-06-09','0'),(42,'21','长袖','3','cart','2020-06-11','0'),(43,'21','superme上衣','3','cart','2020-06-11','0'),(44,'21','iwatch','4','cart','2020-06-11','0'),(45,'21','感冒药','6','cart','2020-06-11','0'),(46,'1','华为手机','1','buy','2020-06-06','0'),(47,'21','长袖','3','buy','2020-06-11','0'),(48,'21','superme上衣','3','buy','2020-06-11','0'),(49,'1','iphone11','1','look','2020-06-11','3'),(50,'1','华为手机','1','look','2020-06-11','3'),(51,'21','地铁卡','7','look','2020-06-11','36'),(52,'aa','adidas上衣','3','look','2020-06-11','3'),(53,'aa','谷歌眼镜','4','look','2020-06-11','4'),(54,'aa','谷歌眼镜','4','look','2020-06-11','5'),(55,'aa','n95口罩','6','look','2020-06-11','4'),(56,'aa','感冒药','6','look','2020-06-11','6'),(57,'aa','爱玛电动车','7','look','2020-06-11','1'),(58,'root','爱玛电动车','7','look','1970-01-01','19'),(59,'root','华为手机','1','look','2020-06-11','9'),(60,'root','华为手机','1','look','2020-06-11','2'),(61,'root','adidas上衣','3','look','2020-06-11','28'),(62,'21','地铁卡','7','cart','2020-06-11','0'),(63,'21','adidas上衣','3','cart','2020-06-11','0'),(64,'aa','谷歌眼镜','4','cart','2020-06-11','0'),(65,'aa','谷歌眼镜','4','cart','2020-06-11','0'),(66,'aa','感冒药','6','cart','2020-06-11','0'),(67,'aa','桌子','5','cart','2020-06-11','0'),(68,'root','华为手机','1','cart','2020-06-11','0'),(69,'root','adidas上衣','3','cart','2020-06-11','0'),(70,'root','普通口罩','6','cart','2020-06-11','0'),(71,'root','n95口罩','6','cart','2020-06-11','0'),(72,'aa','感冒药','6','buy','2020-06-11','0'),(73,'aa','桌子','5','buy','2020-06-11','0'),(74,'root','普通口罩','6','buy','2020-06-11','0'),(75,'1','地铁卡','7','cart','2020-06-12','0'),(76,'1','爱玛电动车','7','cart','2020-06-12','0'),(77,'1','surface','2','cart','2020-06-13','0'),(78,'1','surface','2','buy','2020-06-13','0');
/*!40000 ALTER TABLE `middlelog` ENABLE KEYS */;
UNLOCK TABLES;

--
-- Table structure for table `order`
--

DROP TABLE IF EXISTS `order`;
/*!40101 SET @saved_cs_client     = @@character_set_client */;
/*!50503 SET character_set_client = utf8mb4 */;
CREATE TABLE `order` (
  `id` int(11) NOT NULL AUTO_INCREMENT,
  `product_id` varchar(45) NOT NULL,
  `product_name` varchar(45) NOT NULL,
  `product_price` int(11) NOT NULL,
  `product_num` int(11) NOT NULL,
  `product_total` int(11) NOT NULL,
  PRIMARY KEY (`id`)
) ENGINE=InnoDB DEFAULT CHARSET=utf8mb4 COLLATE=utf8mb4_0900_ai_ci;
/*!40101 SET character_set_client = @saved_cs_client */;

--
-- Dumping data for table `order`
--

LOCK TABLES `order` WRITE;
/*!40000 ALTER TABLE `order` DISABLE KEYS */;
/*!40000 ALTER TABLE `order` ENABLE KEYS */;
UNLOCK TABLES;

--
-- Table structure for table `product`
--

DROP TABLE IF EXISTS `product`;
/*!40101 SET @saved_cs_client     = @@character_set_client */;
/*!50503 SET character_set_client = utf8mb4 */;
CREATE TABLE `product` (
  `id` varchar(20) NOT NULL,
  `name` varchar(45) NOT NULL,
  `price` varchar(45) NOT NULL,
  `catelog` varchar(45) NOT NULL,
  `num` varchar(45) NOT NULL,
  `img` varchar(45) DEFAULT NULL,
  `des` varchar(100) NOT NULL,
  `sid` varchar(45) NOT NULL,
  `statue` varchar(45) NOT NULL,
  PRIMARY KEY (`id`)
) ENGINE=InnoDB DEFAULT CHARSET=utf8mb4 COLLATE=utf8mb4_0900_ai_ci;
/*!40101 SET character_set_client = @saved_cs_client */;

--
-- Dumping data for table `product`
--

LOCK TABLES `product` WRITE;
/*!40000 ALTER TABLE `product` DISABLE KEYS */;
INSERT INTO `product` VALUES ('1','华为手机','1000','手机数码','100','1','华为手机','1','sell'),('10','IpadPro','13000','电子产品','50','10','平板电脑','1','sell'),('11','华为mate30','4999','手机数码','50','11','华为手机秒啊','1','sell'),('12','Vivox90','2999','手机数码','100','12','vivo手机','1','sell'),('13','小米10pro','3999','手机数码','100','13','小米公司雷军推广','1','sell'),('14','联想笔记本','5999','电子产品','100','14','联想笔记本','1','sell'),('15','华为平板','3999','电子产品','100','15','华为公司','1','sell'),('16','戴尔笔记本','4999','电子产品','100','16','笔记本','1','sell'),('17','adidas上衣','499','衣服服饰','100','17','adidas','1','sell'),('18','nike裤子','299','衣服服饰','100','18','nike','1','sell'),('19','AJ1球鞋','1299','衣服服饰','10','19','AJ1球鞋','1','sell'),('2','surface','5000','电子产品','8','2','电脑','1','sell'),('20','小米手表','2099','穿戴设备','100','20','小米手表','1','sell'),('21','谷歌眼镜','13990','穿戴设备','100','21','谷歌眼镜','1','sell'),('22','Ticwatch','1788','穿戴设备','100','22','智能手表','1','sell'),('23','卡西欧机械表','1299','穿戴设备','100','23','卡西欧机械表','1','sell'),('24','桌子','100','生活用品','97','24','桌子','1','sell'),('25','凳子','100','生活用品','100','25','凳子','1','sell'),('26','花盆','10','生活用品','100','26','花盆','1','sell'),('27','床','2000','生活用品','100','27','床','1','sell'),('28','烧伤药','10','医疗药物','100','28','烧伤药','1','sell'),('29','普通口罩','1','医疗药物','998','29','口罩','1','sell'),('3','长袖','100','衣服服饰','1','3','长袖保暖','1','sell'),('30','n95口罩','15','医疗药物','998','30','n95口罩','1','sell'),('31','轮椅','100','医疗药物','100','31','轮椅','1','sell'),('32','地铁卡','100','交通出行','1000','32','地铁卡','1','sell'),('33','五菱宏光','30000','交通出行','100','33','五菱宏光','1','sell'),('34','爱玛电动车','2000','交通出行','100','34','电动车','1','sell'),('35','平衡车','1299','交通出行','10','35','平衡车','1','sell'),('36','OPPOR20','4999','手机数码','10','36','oppo手机','1','sell'),('4','iwatch','2000','穿戴设备','12','4','电子手表','1','sell'),('5','感冒药','20','医疗药物','69','5','治疗感冒','1','sell'),('6','宝马X5','500000','交通出行','1','6','豪车','1','sell'),('7','iphone11','5000','手机数码','3','7','苹果手机','2','sell'),('8','superme上衣','100','衣服服饰','6','8','衣服','1','sell'),('9','天鹅绒被子','2000','生活用品','10','9','天鹅绒被子','1','sell');
/*!40000 ALTER TABLE `product` ENABLE KEYS */;
UNLOCK TABLES;

--
-- Table structure for table `productcommend`
--

DROP TABLE IF EXISTS `productcommend`;
/*!40101 SET @saved_cs_client     = @@character_set_client */;
/*!50503 SET character_set_client = utf8mb4 */;
CREATE TABLE `productcommend` (
  `catelog` varchar(45) NOT NULL,
  `p1` varchar(45) DEFAULT NULL,
  `p2` varchar(45) DEFAULT NULL,
  `p3` varchar(45) DEFAULT NULL,
  PRIMARY KEY (`catelog`)
) ENGINE=InnoDB DEFAULT CHARSET=utf8mb4 COLLATE=utf8mb4_0900_ai_ci;
/*!40101 SET character_set_client = @saved_cs_client */;

--
-- Dumping data for table `productcommend`
--

LOCK TABLES `productcommend` WRITE;
/*!40000 ALTER TABLE `productcommend` DISABLE KEYS */;
INSERT INTO `productcommend` VALUES ('1','华为手机','iphone11','null'),('2','surface','null','null'),('3','长袖','superme上衣','adidas上衣'),('4','谷歌眼镜','iwatch','null'),('5','桌子','null','null'),('6','普通口罩','n95口罩','感冒药'),('7','宝马X5','地铁卡','爱玛电动车');
/*!40000 ALTER TABLE `productcommend` ENABLE KEYS */;
UNLOCK TABLES;

--
-- Table structure for table `saler`
--

DROP TABLE IF EXISTS `saler`;
/*!40101 SET @saved_cs_client     = @@character_set_client */;
/*!50503 SET character_set_client = utf8mb4 */;
CREATE TABLE `saler` (
  `uid` varchar(20) NOT NULL,
  `salename` varchar(45) NOT NULL,
  `password` varchar(45) NOT NULL,
  `email` varchar(45) DEFAULT NULL,
  `phone_number` varchar(45) DEFAULT NULL,
  `statue` varchar(45) NOT NULL,
  `pass` varchar(45) NOT NULL,
  PRIMARY KEY (`uid`)
) ENGINE=InnoDB DEFAULT CHARSET=utf8mb4 COLLATE=utf8mb4_0900_ai_ci;
/*!40101 SET character_set_client = @saved_cs_client */;

--
-- Dumping data for table `saler`
--

LOCK TABLES `saler` WRITE;
/*!40000 ALTER TABLE `saler` DISABLE KEYS */;
INSERT INTO `saler` VALUES ('1','aa','1234','123','123','freeze','1234'),('2','zxc','1234','123','123','freeze','1234'),('3','123','123','123','123','freeze','123'),('4','123','123','123','123','freeze','123'),('5','123','123','123','123','freeze','123');
/*!40000 ALTER TABLE `saler` ENABLE KEYS */;
UNLOCK TABLES;

--
-- Table structure for table `shopcart`
--

DROP TABLE IF EXISTS `shopcart`;
/*!40101 SET @saved_cs_client     = @@character_set_client */;
/*!50503 SET character_set_client = utf8mb4 */;
CREATE TABLE `shopcart` (
  `id` int(11) NOT NULL AUTO_INCREMENT,
  `product_id` varchar(45) NOT NULL,
  `user_name` varchar(45) NOT NULL,
  `statue` varchar(45) NOT NULL,
  `num` varchar(10) DEFAULT NULL,
  `panme` varchar(45) NOT NULL,
  `pactelog` varchar(45) NOT NULL,
  `date` varchar(45) NOT NULL,
  PRIMARY KEY (`id`)
) ENGINE=InnoDB AUTO_INCREMENT=21 DEFAULT CHARSET=utf8mb4 COLLATE=utf8mb4_0900_ai_ci;
/*!40101 SET character_set_client = @saved_cs_client */;

--
-- Dumping data for table `shopcart`
--

LOCK TABLES `shopcart` WRITE;
/*!40000 ALTER TABLE `shopcart` DISABLE KEYS */;
INSERT INTO `shopcart` VALUES (1,'6','1','wait','1','宝马X5','7','2020-06-09 16:57:29'),(2,'7','1','wait','2','iphone11','1','2020-06-09 16:57:42'),(3,'3','1','wait','2','长袖','3','2020-06-09 16:57:51'),(4,'3','21','buyed','1','长袖','3','2020-06-11 11:31:17'),(5,'8','21','buyed','4','superme上衣','3','2020-06-11 11:31:27'),(6,'4','21','wait','1','iwatch','4','2020-06-11 11:31:49'),(7,'5','21','wait','1','感冒药','6','2020-06-11 11:31:59'),(8,'32','21','wait','1','地铁卡','7','2020-06-11 16:45:02'),(9,'17','21','wait','2','adidas上衣','3','2020-06-11 16:45:23'),(10,'21','aa','wait','2','谷歌眼镜','4','2020-06-11 16:49:06'),(11,'21','aa','wait','2','谷歌眼镜','4','2020-06-11 16:50:00'),(12,'5','aa','buyed','2','感冒药','6','2020-06-11 16:52:59'),(13,'24','aa','buyed','3','桌子','5','2020-06-11 16:53:15'),(14,'1','root','wait','3','华为手机','1','2020-06-11 17:00:42'),(15,'17','root','wait','2','adidas上衣','3','2020-06-11 17:01:28'),(16,'29','root','buyed','2','普通口罩','6','2020-06-11 17:08:01'),(17,'30','root','buyed','2','n95口罩','6','2020-06-11 17:10:32'),(18,'32','1','wait','2','地铁卡','7','2020-06-12 00:18:07'),(19,'34','1','wait','1','爱玛电动车','7','2020-06-12 00:18:50'),(20,'2','1','buyed','2','surface','2','2020-06-13 23:45:49');
/*!40000 ALTER TABLE `shopcart` ENABLE KEYS */;
UNLOCK TABLES;

--
-- Table structure for table `user`
--

DROP TABLE IF EXISTS `user`;
/*!40101 SET @saved_cs_client     = @@character_set_client */;
/*!50503 SET character_set_client = utf8mb4 */;
CREATE TABLE `user` (
  `name` varchar(45) NOT NULL,
  `password` varchar(45) NOT NULL,
  `phone` varchar(45) NOT NULL,
  `email` varchar(45) NOT NULL,
  `wealth` varchar(45) DEFAULT NULL,
  PRIMARY KEY (`name`)
) ENGINE=InnoDB DEFAULT CHARSET=utf8mb4 COLLATE=utf8mb4_0900_ai_ci;
/*!40101 SET character_set_client = @saved_cs_client */;

--
-- Dumping data for table `user`
--

LOCK TABLES `user` WRITE;
/*!40000 ALTER TABLE `user` DISABLE KEYS */;
INSERT INTO `user` VALUES ('1','123','111','222','0'),('21','123','12213','qqwa123',NULL),('aa','a','123','123','0'),('asdasa','123','17665184565','978389921@qq.com','0'),('root','1','17665184565','978389921@qq.com',NULL);
/*!40000 ALTER TABLE `user` ENABLE KEYS */;
UNLOCK TABLES;

--
-- Table structure for table `usercommend`
--

DROP TABLE IF EXISTS `usercommend`;
/*!40101 SET @saved_cs_client     = @@character_set_client */;
/*!50503 SET character_set_client = utf8mb4 */;
CREATE TABLE `usercommend` (
  `username` varchar(45) NOT NULL,
  `lable1` varchar(45) NOT NULL,
  `lable2` varchar(45) NOT NULL,
  PRIMARY KEY (`username`)
) ENGINE=InnoDB DEFAULT CHARSET=utf8mb4 COLLATE=utf8mb4_0900_ai_ci;
/*!40101 SET character_set_client = @saved_cs_client */;

--
-- Dumping data for table `usercommend`
--

LOCK TABLES `usercommend` WRITE;
/*!40000 ALTER TABLE `usercommend` DISABLE KEYS */;
INSERT INTO `usercommend` VALUES ('1','2','7'),('21','3','7'),('aa','5','6'),('root','6','1');
/*!40000 ALTER TABLE `usercommend` ENABLE KEYS */;
UNLOCK TABLES;

--
-- Table structure for table `userdraw`
--

DROP TABLE IF EXISTS `userdraw`;
/*!40101 SET @saved_cs_client     = @@character_set_client */;
/*!50503 SET character_set_client = utf8mb4 */;
CREATE TABLE `userdraw` (
  `uname` varchar(45) NOT NULL,
  `pname` varchar(45) NOT NULL,
  `action` varchar(45) NOT NULL,
  `actiontime` int(11) DEFAULT NULL,
  `date` varchar(45) NOT NULL,
  `weight` double DEFAULT NULL,
  `timereduce` double DEFAULT NULL,
  `lable` varchar(45) DEFAULT NULL,
  PRIMARY KEY (`uname`,`pname`,`date`,`action`)
) ENGINE=InnoDB DEFAULT CHARSET=utf8mb4 COLLATE=utf8mb4_0900_ai_ci;
/*!40101 SET character_set_client = @saved_cs_client */;

--
-- Dumping data for table `userdraw`
--

LOCK TABLES `userdraw` WRITE;
/*!40000 ALTER TABLE `userdraw` DISABLE KEYS */;
INSERT INTO `userdraw` VALUES ('1','iphone11','cart',9,'2020-06-09',2,1,'1'),('1','iphone11','look',18,'2020-06-09',0.5,1,'1'),('1','iphone11','look',16,'2020-06-11',0.4,1,'1'),('1','iwatch','look',18,'2020-06-09',0.8,1,'4'),('1','surface','look',9,'2020-06-06',0.4,1,'2'),('1','surface','look',225,'2020-06-09',0.4,1,'2'),('1','surface','buy',2,'2020-06-13',5,1,'2'),('1','surface','cart',2,'2020-06-13',2,1,'2'),('1','华为手机','buy',9,'2020-06-06',5,1,'1'),('1','华为手机','look',16,'2020-06-11',0.4,1,'1'),('1','地铁卡','cart',2,'2020-06-12',2,1,'7'),('1','宝马X5','cart',9,'2020-06-09',2,1,'7'),('1','宝马X5','look',36,'2020-06-09',0.4,1,'7'),('1','感冒药','look',9,'2020-06-09',0.4,1,'6'),('1','爱玛电动车','cart',2,'2020-06-12',2,1,'7'),('1','长袖','cart',9,'2020-06-09',2,1,'3'),('21','adidas上衣','cart',16,'2020-06-11',2,1,'3'),('21','iwatch','cart',9,'2020-06-11',2,1,'4'),('21','iwatch','look',9,'2020-06-11',0.4,1,'4'),('21','superme上衣','buy',9,'2020-06-11',5,1,'3'),('21','superme上衣','cart',9,'2020-06-11',2,1,'3'),('21','superme上衣','look',9,'2020-06-11',0.4,1,'3'),('21','surface','look',9,'2020-06-11',0.4,1,'2'),('21','地铁卡','cart',16,'2020-06-11',2,1,'7'),('21','地铁卡','look',16,'2020-06-11',1,1,'7'),('21','感冒药','cart',9,'2020-06-11',2,1,'6'),('21','长袖','buy',9,'2020-06-11',5,1,'3'),('21','长袖','cart',9,'2020-06-11',2,1,'3'),('aa','adidas上衣','look',16,'2020-06-11',0.4,1,'3'),('aa','n95口罩','look',16,'2020-06-11',0.4,1,'6'),('aa','感冒药','buy',16,'2020-06-11',5,1,'6'),('aa','感冒药','cart',16,'2020-06-11',2,1,'6'),('aa','感冒药','look',16,'2020-06-11',0.4,1,'6'),('aa','桌子','buy',16,'2020-06-11',5,1,'5'),('aa','桌子','cart',16,'2020-06-11',2,1,'5'),('aa','爱玛电动车','look',16,'2020-06-11',0.4,1,'7'),('aa','谷歌眼镜','cart',32,'2020-06-11',2,1,'4'),('aa','谷歌眼镜','look',32,'2020-06-11',0.4,1,'4'),('root','adidas上衣','cart',16,'2020-06-11',2,1,'3'),('root','adidas上衣','look',2,'2020-06-11',1.2000000000000002,1,'3'),('root','n95口罩','cart',16,'2020-06-11',2,1,'6'),('root','华为手机','cart',16,'2020-06-11',2,1,'1'),('root','华为手机','look',32,'2020-06-11',0.4,1,'1'),('root','普通口罩','buy',16,'2020-06-11',5,1,'6'),('root','普通口罩','cart',16,'2020-06-11',2,1,'6'),('root','爱玛电动车','look',16,'1970-01-01',1.3,0.2,'7');
/*!40000 ALTER TABLE `userdraw` ENABLE KEYS */;
UNLOCK TABLES;
/*!40103 SET TIME_ZONE=@OLD_TIME_ZONE */;

/*!40101 SET SQL_MODE=@OLD_SQL_MODE */;
/*!40014 SET FOREIGN_KEY_CHECKS=@OLD_FOREIGN_KEY_CHECKS */;
/*!40014 SET UNIQUE_CHECKS=@OLD_UNIQUE_CHECKS */;
/*!40101 SET CHARACTER_SET_CLIENT=@OLD_CHARACTER_SET_CLIENT */;
/*!40101 SET CHARACTER_SET_RESULTS=@OLD_CHARACTER_SET_RESULTS */;
/*!40101 SET COLLATION_CONNECTION=@OLD_COLLATION_CONNECTION */;
/*!40111 SET SQL_NOTES=@OLD_SQL_NOTES */;

-- Dump completed on 2020-06-14 10:13:17
